id,category,kind,priority,requirement,acceptance,design_stage,implementation_stage,verification_stage,stage1_status
FR-RBAC-001,Доступ и RBAC,FR,M,Каждый запрос к бизнес-данным проверяет tenant_id и разрешение роли.,Пользователь tenant A не получает объект tenant B по прямому UUID; ответ 404/403 и запись в security log.,1,2,2,Требование учтено в архитектуре/декомпозиции; функциональная реализация не относится к Этапу 1.
FR-RBAC-002,Доступ и RBAC,FR,M,Поддержать ограничение роли по списку объектов.,"Начальник объекта видит только назначенные объекты во всех списках, отчётах и API.",1,2,2,Требование учтено в архитектуре/декомпозиции; функциональная реализация не относится к Этапу 1.
FR-RBAC-003,Доступ и RBAC,FR,M,Вести аудит выдачи и отзыва ролей.,"В аудите есть инициатор, субъект, старая/новая роль, дата и IP.",1,2,2,Требование учтено в архитектуре/декомпозиции; функциональная реализация не относится к Этапу 1.
FR-RBAC-004,Доступ и RBAC,FR,S,Break-glass доступ поддержки требует причины и ограниченного времени.,Доступ автоматически истекает; клиент видит событие в журнале аудита.,1,2,2,Требование учтено в архитектуре/декомпозиции; функциональная реализация не относится к Этапу 1.
FR-ORG-001,Организация и настройки,FR,M,"Создание tenant только Platform Admin; уникальные slug, ИНН и доменные настройки.",Tenant создаётся с владельцем и изолированной областью данных.,1,2,2,Требование учтено в архитектуре/декомпозиции; функциональная реализация не относится к Этапу 1.
FR-ORG-002,Организация и настройки,FR,M,"Настройки: часовой пояс, язык, сроки напоминаний, радиус геозоны, порог опоздания.",Изменения применяются к новым событиям и журналируются.,1,2,2,Требование учтено в архитектуре/декомпозиции; функциональная реализация не относится к Этапу 1.
FR-ORG-003,Организация и настройки,FR,M,"Импорт сотрудников, объектов и заказчиков по версии шаблона.","Предпросмотр, валидация, частичный откат и протокол строк с ошибками.",1,2,2,Требование учтено в архитектуре/декомпозиции; функциональная реализация не относится к Этапу 1.
FR-ORG-004,Организация и настройки,FR,M,"Приглашение, блокировка и деактивация пользователей.",Блокировка отзывает активные сессии и запрещает новые входы.,1,2,2,Требование учтено в архитектуре/декомпозиции; функциональная реализация не относится к Этапу 1.
FR-ORG-005,Организация и настройки,FR,S,Feature flags на tenant.,Platform Admin включает модуль без релиза отдельной версии.,1,2,2,Требование учтено в архитектуре/декомпозиции; функциональная реализация не относится к Этапу 1.
FR-HR-001,Сотрудники и документы,FR,M,"Карточка сотрудника: идентификаторы, контакты, статус, квалификация, объекты и история.","Поиск и фильтры работают по ФИО, телефону, статусу, объекту и срокам документов.",1,2,2,Требование учтено в архитектуре/декомпозиции; функциональная реализация не относится к Этапу 1.
FR-HR-002,Сотрудники и документы,FR,M,Настраиваемые типы документов с обязательными полями и сроком действия.,Администратор добавляет тип без изменения кода.,1,2,2,Требование учтено в архитектуре/декомпозиции; функциональная реализация не относится к Этапу 1.
FR-HR-003,Сотрудники и документы,FR,M,"Статусы PENDING_REVIEW, VALID, EXPIRING, EXPIRED, REJECTED.",Статус автоматически пересчитывается ежедневно; порог EXPIRING настраивается.,1,2,2,Требование учтено в архитектуре/декомпозиции; функциональная реализация не относится к Этапу 1.
FR-HR-004,Сотрудники и документы,FR,M,Загрузка PDF/JPEG/PNG с антивирусной проверкой.,Заражённый или неподдерживаемый файл не становится доступным пользователям.,1,2,2,Требование учтено в архитектуре/декомпозиции; функциональная реализация не относится к Этапу 1.
FR-HR-005,Сотрудники и документы,FR,M,Напоминания о сроках 30/14/7/1 день с настройкой tenant.,Уведомление отправлено адресатам один раз на ступень; повтор не дублируется.,1,2,2,Требование учтено в архитектуре/декомпозиции; функциональная реализация не относится к Этапу 1.
FR-HR-006,Сотрудники и документы,FR,M,Ручная проверка документа кадровиком с причиной отклонения.,История проверок неизменяема; охранник видит результат без внутренних комментариев.,1,2,2,Требование учтено в архитектуре/декомпозиции; функциональная реализация не относится к Этапу 1.
FR-HR-007,Сотрудники и документы,FR,M,Маскирование чувствительных реквизитов и отдельное право на скачивание.,Пользователь без права видит маску и не получает signed URL через API.,1,2,2,Требование учтено в архитектуре/декомпозиции; функциональная реализация не относится к Этапу 1.
FR-CMP-001,Compliance и договоры,FR,M,"Версионируемый справочник видов охранных услуг, правил и нормативных ссылок с датами действия.",Изменение справочника не переписывает исторические договоры; для расчёта фиксируется версия правила.,1,2,2,Требование учтено в архитектуре/декомпозиции; функциональная реализация не относится к Этапу 1.
FR-CMP-002,Compliance и договоры,FR,M,"Карточка лицензии: номер, дата, срок, разрешённые виды услуг, файлы и статус.",Договор может ссылаться только на выбранную лицензию tenant.,1,2,2,Требование учтено в архитектуре/декомпозиции; функциональная реализация не относится к Этапу 1.
FR-CMP-003,Compliance и договоры,FR,M,При добавлении услуги договора система сопоставляет её с услугами лицензии.,Несоответствие создаёт красное предупреждение; активация требует исправления либо override уполномоченного лица с причиной.,1,2,2,Требование учтено в архитектуре/декомпозиции; функциональная реализация не относится к Этапу 1.
FR-CMP-004,Compliance и договоры,FR,M,"Проверять обязательные реквизиты договора: лицензия, вид и содержание услуг, срок, стоимость/порядок определения, сведения об оружии при применимости, порядок возмещения ущерба.",Карточка показывает отсутствующие поля; активация блокируется либо требует разрешённого override с причиной.,1,2,2,Требование учтено в архитектуре/декомпозиции; функциональная реализация не относится к Этапу 1.
FR-CMP-005,Compliance и договоры,FR,M,Хранить подтверждение законного владения заказчиком охраняемым объектом.,Без реквизитов/файла подтверждения договор получает предупреждение и не считается полностью проверенным.,1,2,2,Требование учтено в архитектуре/декомпозиции; функциональная реализация не относится к Этапу 1.
FR-CMP-006,Compliance и договоры,FR,M,Создавать отдельную задачу на направление заверенной копии договора в территориальный орган в течение 5 рабочих дней.,Срок рассчитывается производственным календарём; задача отделена от уведомления о начале услуги.,1,2,2,Требование учтено в архитектуре/декомпозиции; функциональная реализация не относится к Этапу 1.
FR-CMP-007,Compliance и договоры,FR,M,"Генерировать задачи уведомления по типу услуги: ≥ 12 часов до начала, в течение 5 дней после начала, сопровождение — в календарный день после договора и до начала, окончание — в течение 5 дней; изменение участников/руководителя — 15 дней.","Применимое правило выбирается по версии справочника; отображаются основание, исходная дата, дедлайн и зона времени.",1,2,2,Требование учтено в архитектуре/декомпозиции; функциональная реализация не относится к Этапу 1.
FR-CMP-008,Compliance и договоры,FR,M,"Поддержать статусы задачи DRAFT, DUE, OVERDUE, MARKED_SENT, CONFIRMED, REJECTED.","MARKED_SENT требует канала, времени, автора и вложения/номера; CONFIRMED — квитанции либо входящего номера.",1,2,2,Требование учтено в архитектуре/декомпозиции; функциональная реализация не относится к Этапу 1.
FR-CMP-009,Compliance и договоры,FR,M,"В MVP формировать черновик/экспорт, напоминать и хранить подтверждение; не отправлять сведения в Росгвардию автоматически.","В UI явно указано «Подготовка/контроль, не отправка»; статус подачи не возникает без действия пользователя/официального подтверждения.",1,2,2,Требование учтено в архитектуре/декомпозиции; функциональная реализация не относится к Этапу 1.
FR-CMP-010,Compliance и договоры,FR,M,Хранить договор и акт не менее 5 лет после окончания оказания услуг; срок не распространять автоматически на прочие категории данных.,"Удаление до legal_hold_until блокируется; retention по геоданным, фото и аудио задаётся отдельно.",1,2,2,Требование учтено в архитектуре/декомпозиции; функциональная реализация не относится к Этапу 1.
FR-CMP-011,Compliance и договоры,FR,S,"Вести реестр личных карточек охранников: выдача, сдача, реквизиты и срок сообщения территориальному органу.",Создаётся задача не позднее следующего рабочего дня; запись и подтверждение имеют аудит.,1,2,2,Требование учтено в архитектуре/декомпозиции; функциональная реализация не относится к Этапу 1.
FR-CMP-012,Compliance и договоры,FR,S,Поддержать признак legacy-договора и переходный период как версионируемое правило.,"Система показывает предупреждение, источник и дату действия, но не делает юридический вывод.",1,2,2,Требование учтено в архитектуре/декомпозиции; функциональная реализация не относится к Этапу 1.
FR-CMP-013,Compliance и договоры,FR,S,Шаблоны договоров и чек-листы публикует только уполномоченная роль.,"Каждая публикация имеет версию, дату, автора и ссылку на источник; старые версии доступны для истории.",1,2,2,Требование учтено в архитектуре/декомпозиции; функциональная реализация не относится к Этапу 1.
FR-CMP-014,Compliance и договоры,FR,S,Для видеонаблюдения и пропускного/внутриобъектового режима хранить чек-лист уведомительной таблички.,"Система формирует макет и доказательство выполнения, но явно указывает, что физическое размещение выполняет ЧОП/заказчик.",1,2,2,Требование учтено в архитектуре/декомпозиции; функциональная реализация не относится к Этапу 1.
FR-FAC-001,"Заказчики, объекты и посты",FR,M,Карточка заказчика и контактов с привязкой к объектам и пользователям портала.,Представитель заказчика получает доступ только после приглашения и только к указанным объектам.,1,2,2,Требование учтено в архитектуре/декомпозиции; функциональная реализация не относится к Этапу 1.
FR-FAC-002,"Заказчики, объекты и посты",FR,M,"Карточка объекта: адрес, координаты, часовой пояс, геозона, контакты, договоры.",Геозона отображается на карте и валидируется до активации объекта.,1,2,2,Требование учтено в архитектуре/декомпозиции; функциональная реализация не относится к Этапу 1.
FR-FAC-003,"Заказчики, объекты и посты",FR,M,"Посты: название, режим, обязательная квалификация, инструкции и численность.",Нельзя опубликовать смену без активного поста и объекта.,1,2,2,Требование учтено в архитектуре/декомпозиции; функциональная реализация не относится к Этапу 1.
FR-FAC-004,"Заказчики, объекты и посты",FR,S,Версионирование инструкции поста с подтверждением ознакомления охранником.,Система хранит версию и дату подтверждения; новая версия требует нового подтверждения.,1,2,2,Требование учтено в архитектуре/декомпозиции; функциональная реализация не относится к Этапу 1.
FR-FAC-005,"Заказчики, объекты и посты",FR,M,Создание статического QR-токена с возможностью отзыва/перевыпуска.,Отозванный токен не принимается; событие попадает в REQUIRES_REVIEW.,1,2,2,Требование учтено в архитектуре/декомпозиции; функциональная реализация не относится к Этапу 1.
FR-SCH-001,Графики и назначения,FR,M,Создание смен вручную и по повторяющемуся шаблону.,Система создаёт смены в часовом поясе объекта и хранит UTC.,1,2,2,Требование учтено в архитектуре/декомпозиции; функциональная реализация не относится к Этапу 1.
FR-SCH-002,Графики и назначения,FR,M,"Назначение сотрудника с проверкой пересечений, статуса и квалификации.",Конфликт блокирует назначение либо требует override с причиной и правом.,1,2,2,Требование учтено в архитектуре/декомпозиции; функциональная реализация не относится к Этапу 1.
FR-SCH-003,Графики и назначения,FR,M,Публикация графика и подтверждение назначения охранником.,"Пока график не опубликован, охранник его не видит; ответ фиксируется.",1,2,2,Требование учтено в архитектуре/декомпозиции; функциональная реализация не относится к Этапу 1.
FR-SCH-004,Графики и назначения,FR,M,Незакрытая смена отображается UNFILLED и попадает в отдельную очередь.,Операционный руководитель видит количество и ближайший срок начала.,1,2,2,Требование учтено в архитектуре/декомпозиции; функциональная реализация не относится к Этапу 1.
FR-SCH-005,Графики и назначения,FR,M,Замена сохраняет прежнее назначение в истории.,В табеле учитывается фактически работавший сотрудник; причина замены обязательна.,1,2,2,Требование учтено в архитектуре/декомпозиции; функциональная реализация не относится к Этапу 1.
FR-SCH-006,Графики и назначения,FR,S,Настраиваемые предупреждения о переработке без автоматического правового вывода.,Порог задаёт tenant; система показывает предупреждение и расчёт часов.,1,2,2,Требование учтено в архитектуре/декомпозиции; функциональная реализация не относится к Этапу 1.
FR-ATT-001,Check-in/out и присутствие,FR,M,Check-in доступен только при активном назначении и в настраиваемом временном окне.,Попытка вне окна отклоняется либо отправляется на ручную проверку согласно настройке.,1,2-3,2-3,Требование учтено в архитектуре/декомпозиции; функциональная реализация не относится к Этапу 1.
FR-ATT-002,Check-in/out и присутствие,FR,M,"Фиксировать client_time, server_time, координаты, accuracy, устройство, QR и online/offline.",Все поля хранятся в событии и доступны в аудите согласно правам.,1,2-3,2-3,Требование учтено в архитектуре/декомпозиции; функциональная реализация не относится к Этапу 1.
FR-ATT-003,Check-in/out и присутствие,FR,M,Проверять геозону и максимальную точность GPS.,Вне геозоны/при плохой точности пользователь получает объяснение; событие не считается VALID автоматически.,1,2-3,2-3,Требование учтено в архитектуре/декомпозиции; функциональная реализация не относится к Этапу 1.
FR-ATT-004,Check-in/out и присутствие,FR,M,Все мобильные операции имеют idempotency_key.,Повторная отправка возвращает прежний результат без дубликата.,1,2-3,2-3,Требование учтено в архитектуре/декомпозиции; функциональная реализация не относится к Этапу 1.
FR-ATT-005,Check-in/out и присутствие,FR,M,Ручной override только уполномоченной ролью с причиной и вложением при необходимости.,Исходное событие не изменяется; создаётся отдельное решение MANUAL_OVERRIDE.,1,2-3,2-3,Требование учтено в архитектуре/декомпозиции; функциональная реализация не относится к Этапу 1.
FR-ATT-006,Check-in/out и присутствие,FR,M,После порога опоздания создать Late/No-show workflow и уведомление.,Не более одного активного no-show на смену; уведомления дедуплицируются.,1,2-3,2-3,Требование учтено в архитектуре/декомпозиции; функциональная реализация не относится к Этапу 1.
FR-ATT-007,Check-in/out и присутствие,FR,M,"Check-out рассчитывает фактическую длительность, но не изменяет план смены.",План и факт доступны отдельно в табеле и отчёте.,1,2-3,2-3,Требование учтено в архитектуре/декомпозиции; функциональная реализация не относится к Этапу 1.
FR-OFF-001,Офлайн-режим,FR,M,"Мобильное приложение кэширует ближайшие смены, инструкции, маршруты и категории инцидентов.",После потери сети пользователь открывает назначенную смену и инструкцию.,1,3,3,Требование учтено в архитектуре/декомпозиции; функциональная реализация не относится к Этапу 1.
FR-OFF-002,Офлайн-режим,FR,M,Офлайн-события хранятся локально в зашифрованной очереди.,После перезапуска мобильного приложения неподтверждённые события не теряются.,1,3,3,Требование учтено в архитектуре/декомпозиции; функциональная реализация не относится к Этапу 1.
FR-OFF-003,Офлайн-режим,FR,M,Пакетная синхронизация сохраняет порядок и исходное client_time.,Сервер дополнительно фиксирует server_received_at и не перезаписывает время устройства.,1,3,3,Требование учтено в архитектуре/декомпозиции; функциональная реализация не относится к Этапу 1.
FR-OFF-004,Офлайн-режим,FR,M,"Длительная задержка, невозможное перемещение или нарушенная последовательность требуют review.",Правило настраиваемо; событие маркировано с объяснением причины.,1,3,3,Требование учтено в архитектуре/декомпозиции; функциональная реализация не относится к Этапу 1.
FR-OFF-005,Офлайн-режим,FR,M,"Интерфейс явно показывает PENDING_SYNC, SYNCED и ERROR.","Пользователь понимает, отправлено ли доказательство на сервер.",1,3,3,Требование учтено в архитектуре/декомпозиции; функциональная реализация не относится к Этапу 1.
FR-PAT-001,Обходы,FR,M,"Маршрут включает контрольные точки, порядок, временное окно и допустимое отклонение.",Маршрут можно активировать только при наличии минимум одной активной точки.,1,3,3,Требование учтено в архитектуре/декомпозиции; функциональная реализация не относится к Этапу 1.
FR-PAT-002,Обходы,FR,M,Охранник запускает обход и сканирует QR каждой точки.,"Скан фиксирует время, координаты, accuracy, устройство и токен.",1,3,3,Требование учтено в архитектуре/декомпозиции; функциональная реализация не относится к Этапу 1.
FR-PAT-003,Обходы,FR,S,Поддержать обязательный и необязательный порядок точек.,Нарушение обязательного порядка отмечается и требует комментария.,1,3,3,Требование учтено в архитектуре/декомпозиции; функциональная реализация не относится к Этапу 1.
FR-PAT-004,Обходы,FR,M,Пропущенный маршрут/точка создаёт уведомление руководителю.,Обход получает PARTIAL/MISSED; поздний скан не переписывает результат.,1,3,3,Требование учтено в архитектуре/декомпозиции; функциональная реализация не относится к Этапу 1.
FR-PAT-005,Обходы,FR,M,QR-точки можно отозвать и перевыпустить.,Старый токен не принимается после effective_at новой версии.,1,3,3,Требование учтено в архитектуре/декомпозиции; функциональная реализация не относится к Этапу 1.
FR-INC-001,Происшествия,FR,M,Категории и уровни LOW/MEDIUM/HIGH/CRITICAL настраиваются tenant.,Каждая категория имеет обязательные поля и цепочку уведомлений.,1,3,3,Требование учтено в архитектуре/декомпозиции; функциональная реализация не относится к Этапу 1.
FR-INC-002,Происшествия,FR,M,"Создание текста, голосовой записи, фото и списка принятых мер.",Черновик сохраняется; вложения проходят проверку; автор видит статус загрузки.,1,3,3,Требование учтено в архитектуре/декомпозиции; функциональная реализация не относится к Этапу 1.
FR-INC-003,Происшествия,FR,S,Опциональная транскрибация голоса создаёт только редактируемый черновик.,Исходная запись сохраняется; система не принимает решений по содержанию автоматически.,1,3,3,Требование учтено в архитектуре/декомпозиции; функциональная реализация не относится к Этапу 1.
FR-INC-004,Происшествия,FR,M,CRITICAL допускает срочную отправку с минимальным набором данных.,Уведомление уходит в течение 60 секунд; карточку можно дополнить позже.,1,3,3,Требование учтено в архитектуре/декомпозиции; функциональная реализация не относится к Этапу 1.
FR-INC-005,Происшествия,FR,M,Разделять внутренние поля и публикуемую заказчику часть.,Заказчик не получает внутренние комментарии и вложения без явной публикации.,1,3,3,Требование учтено в архитектуре/декомпозиции; функциональная реализация не относится к Этапу 1.
FR-INC-006,Происшествия,FR,M,"Закрытие требует итога, действий и ответственного.",CLOSED недоступен при незавершённом обязательном action item.,1,3,3,Требование учтено в архитектуре/декомпозиции; функциональная реализация не относится к Этапу 1.
FR-INC-007,Происшествия,FR,S,"PDF-отчёт содержит уникальный номер, версию и хеш вложений/экспорта.",Повторная публикация создаёт новую версию; старая не изменяется.,1,3,3,Требование учтено в архитектуре/декомпозиции; функциональная реализация не относится к Этапу 1.
FR-INC-008,Происшествия,FR,M,AI/распознавание речи не публикует инцидент и не формирует кадровое решение без человека.,"Текст имеет метку «черновик»; отправка заказчику, вывод о виновности и дисциплинарное действие требуют отдельного подтверждения уполномоченного пользователя.",1,3,3,Требование учтено в архитектуре/декомпозиции; функциональная реализация не относится к Этапу 1.
FR-CLI-001,Кабинет заказчика,FR,M,"Dashboard по выбранным объектам: покрытие постов, обходы, инциденты и отчёты.",Пользователь не получает данные чужого заказчика через UI/API/export.,1,2,2,Требование учтено в архитектуре/декомпозиции; функциональная реализация не относится к Этапу 1.
FR-CLI-002,Кабинет заказчика,FR,M,Персональные данные охранника минимизируются и маскируются.,"По умолчанию отображаются роль/идентификатор смены, а не паспортные и кадровые сведения.",1,2,2,Требование учтено в архитектуре/декомпозиции; функциональная реализация не относится к Этапу 1.
FR-CLI-003,Кабинет заказчика,FR,M,Показывать только опубликованные происшествия и версии отчётов.,DRAFT/внутренние комментарии недоступны даже по прямому URL.,1,2,2,Требование учтено в архитектуре/декомпозиции; функциональная реализация не относится к Этапу 1.
FR-CLI-004,Кабинет заказчика,FR,S,Скачивание PDF и подтверждение ознакомления.,"Фиксируются пользователь, дата, IP, версия отчёта.",1,2,2,Требование учтено в архитектуре/декомпозиции; функциональная реализация не относится к Этапу 1.
FR-NOT-001,Уведомления,FR,M,"Единая очередь уведомлений с каналами in-app, email, SMS, Telegram/Web Push через адаптеры.",Сбой одного канала не блокирует остальные; доступен статус доставки.,1,3,3,Требование учтено в архитектуре/декомпозиции; функциональная реализация не относится к Этапу 1.
FR-NOT-002,Уведомления,FR,S,Шаблоны локализованы и версионируются.,Изменение шаблона не меняет уже отправленные сообщения.,1,3,3,Требование учтено в архитектуре/декомпозиции; функциональная реализация не относится к Этапу 1.
FR-NOT-003,Уведомления,FR,M,"Дедупликация по событию, адресату и ступени эскалации.",Повтор доменного события не создаёт второе сообщение.,1,3,3,Требование учтено в архитектуре/декомпозиции; функциональная реализация не относится к Этапу 1.
FR-NOT-004,Уведомления,FR,S,"Настройка quiet hours, кроме критических событий.",Некритичное сообщение ставится в очередь; critical отправляется немедленно.,1,3,3,Требование учтено в архитектуре/декомпозиции; функциональная реализация не относится к Этапу 1.
FR-NOT-005,Уведомления,FR,M,Внешние каналы получают только минимальный обезличенный текст и авторизованную ссылку.,"Telegram/SMS/email не содержат документов, координат, фото, аудио и подробного описания происшествия.",1,3,3,Требование учтено в архитектуре/декомпозиции; функциональная реализация не относится к Этапу 1.
FR-REP-001,Отчеты и экспорт,FR,M,"Табель: план/факт, сотрудник, пост, смена, отклонения и overrides.",Фильтрация по периоду/объекту/сотруднику; экспорт XLSX/CSV.,1,4,4,Требование учтено в архитектуре/декомпозиции; функциональная реализация не относится к Этапу 1.
FR-REP-002,Отчеты и экспорт,FR,M,Отчёт покрытия постов и no-show.,Суммы в dashboard совпадают с детализацией за тот же фильтр.,1,4,4,Требование учтено в архитектуре/декомпозиции; функциональная реализация не относится к Этапу 1.
FR-REP-003,Отчеты и экспорт,FR,M,"Отчёт по обходам, пропускам и точкам.","Показывает план, факт и причины ручных решений.",1,4,4,Требование учтено в архитектуре/декомпозиции; функциональная реализация не относится к Этапу 1.
FR-REP-004,Отчеты и экспорт,FR,M,"Реестр истекающих документов, договоров и compliance-задач.",Выгрузка повторяет активные фильтры и содержит дату формирования.,1,4,4,Требование учтено в архитектуре/декомпозиции; функциональная реализация не относится к Этапу 1.
FR-REP-005,Отчеты и экспорт,FR,M,Ежемесячный клиентский PDF генерируется асинхронно.,Статусы GENERATING/PUBLISHED/FAILED; повтор после сбоя не создаёт дубликат версии.,1,4,4,Требование учтено в архитектуре/декомпозиции; функциональная реализация не относится к Этапу 1.
FR-REP-006,Отчеты и экспорт,FR,M,"Выгрузка для 1С — согласованный XLSX/CSV шаблон, не прямая интеграция.",Файл проходит контрольную загрузку на тестовом шаблоне пилотного клиента.,1,4,4,Требование учтено в архитектуре/декомпозиции; функциональная реализация не относится к Этапу 1.
FR-REP-007,Отчеты и экспорт,FR,M,"Экранировать значения, способные стать формулой в CSV/XLSX.","Текст, начинающийся с =, +, - или @, открывается как текст и не исполняется табличным редактором.",1,4,4,Требование учтено в архитектуре/декомпозиции; функциональная реализация не относится к Этапу 1.
FR-AUD-001,Аудит и администрирование,FR,M,"Неизменяемый аудит входов, ролей, документов, check-in, обходов, инцидентов и публикаций.","Каждая запись: tenant, actor, action, entity, old/new metadata, time, IP/device, correlation_id.",1,2-4,2-4,Требование учтено в архитектуре/декомпозиции; функциональная реализация не относится к Этапу 1.
FR-AUD-002,Аудит и администрирование,FR,M,"Поиск аудита по периоду, пользователю, объекту, сущности и действию.",Результат можно экспортировать только с отдельным правом.,1,2-4,2-4,Требование учтено в архитектуре/декомпозиции; функциональная реализация не относится к Этапу 1.
FR-AUD-003,Аудит и администрирование,FR,M,Soft-delete бизнес-сущностей; ключевые события не удаляются из UI.,"Удалённый объект не участвует в новых операциях, но остаётся в истории.",1,2-4,2-4,Требование учтено в архитектуре/декомпозиции; функциональная реализация не относится к Этапу 1.
FR-AUD-004,Аудит и администрирование,FR,M,"Platform health: очередь, ошибки интеграций, фоновые задачи и лимиты tenant.",Оператор видит деградацию без доступа к чувствительному содержимому.,1,2-4,2-4,Требование учтено в архитектуре/декомпозиции; функциональная реализация не относится к Этапу 1.
SEC-PD-001,Персональные данные и безопасность,SEC,M,"Основные БД, файловое хранилище, backups и логи с ПДн располагаются в РФ.","Архитектурная схема, конфигурация и договоры провайдеров подтверждают российскую локацию и отсутствие первичной записи за рубежом.",1,4,4,Требование учтено в архитектуре/декомпозиции; функциональная реализация не относится к Этапу 1.
SEC-PD-002,Персональные данные и безопасность,SEC,M,"Фиксировать основание, версию политики/локального акта и ознакомление пользователя.","Администратор видит дату, документ и статус; отзыв или спор обрабатывается по утверждённому workflow.",1,4,4,Требование учтено в архитектуре/декомпозиции; функциональная реализация не относится к Этапу 1.
SEC-PD-003,Персональные данные и безопасность,SEC,M,Не собирать непрерывную геолокацию; координаты только при рабочих действиях.,Network trace и код не содержат фонового location polling.,1,4,4,Требование учтено в архитектуре/декомпозиции; функциональная реализация не относится к Этапу 1.
SEC-PD-004,Персональные данные и безопасность,SEC,M,Фото в MVP не используется для автоматического распознавания лица.,Нет face embeddings/сравнения; назначение фото описано в UI и документах.,1,4,4,Требование учтено в архитектуре/декомпозиции; функциональная реализация не относится к Этапу 1.
SEC-PD-005,Персональные данные и безопасность,SEC,M,Минимизация данных в кабинете заказчика и экспортах.,"QA подтверждает отсутствие кадровых документов, телефонов и лишних идентификаторов.",1,4,4,Требование учтено в архитектуре/декомпозиции; функциональная реализация не относится к Этапу 1.
SEC-PD-006,Персональные данные и безопасность,SEC,M,Сроки хранения настраиваются по категориям и утверждаются ответственным лицом.,Удаление/архивация выполняется job; key audit events сохраняются по отдельной политике.,1,4,4,Требование учтено в архитектуре/декомпозиции; функциональная реализация не относится к Этапу 1.
SEC-PD-007,Персональные данные и безопасность,SEC,M,"Зафиксировать роли: ЧОП — оператор ПДн; GuardOS — обработчик по поручению, а для аккаунта/биллинга/поддержки может быть самостоятельным оператором.","Договор и политика перечисляют цели, данные, операции, конфиденциальность, меры защиты, удаление и уведомление об инцидентах.",1,4,4,Требование учтено в архитектуре/декомпозиции; функциональная реализация не относится к Этапу 1.
SEC-PD-008,Персональные данные и безопасность,SEC,M,"Не передавать ПДн иностранным OCR, speech-to-text, AI, push и analytics сервисам в MVP.",Data-flow review и сетевые тесты подтверждают отсутствие трансграничной передачи; подрядчики внесены в реестр.,1,4,4,Требование учтено в архитектуре/декомпозиции; функциональная реализация не относится к Этапу 1.
SEC-PD-009,Персональные данные и безопасность,SEC,M,Медицинские сведения минимизировать до статуса допуска и срока документа.,Диагнозы и медицинские подробности не хранятся; доступ к статусу ограничен.,1,4,4,Требование учтено в архитектуре/декомпозиции; функциональная реализация не относится к Этапу 1.
SEC-PD-010,Персональные данные и безопасность,SEC,M,Предусмотреть резервную процедуру без GPS и право сотрудника приложить объяснение/оспорить запись.,Спорное событие остаётся REQUIRES_REVIEW; руководитель фиксирует решение и причину.,1,4,4,Требование учтено в архитектуре/декомпозиции; функциональная реализация не относится к Этапу 1.
SEC-PD-011,Персональные данные и безопасность,SEC,M,"Запретить автоматическое назначение штрафов, увольнение и дисциплинарные решения.",API и UI требуют решения уполномоченного человека; автоматическое правило создаёт только сигнал/задачу.,1,4,4,Требование учтено в архитектуре/декомпозиции; функциональная реализация не относится к Этапу 1.
SEC-PD-012,Персональные данные и безопасность,SEC,S,"Реализовать исправление, блокирование, экспорт, уничтожение/обезличивание данных с протоколом.",Запрос проходит согласованный workflow; формируется журнал и акт результата.,1,4,4,Требование учтено в архитектуре/декомпозиции; функциональная реализация не относится к Этапу 1.
SEC-PD-013,Персональные данные и безопасность,SEC,M,Определить уровень защищённости ИСПДн после модели угроз и состава данных.,"До production утверждены модель угроз, уровень защищённости и перечень мер по ПП РФ № 1119/приказу ФСТЭК № 21.",1,4,4,Требование учтено в архитектуре/декомпозиции; функциональная реализация не относится к Этапу 1.
SEC-PD-014,Персональные данные и безопасность,SEC,M,"Уведомлять ЧОП о подтверждённом инциденте ПДн без промедления, договорной целевой срок ≤ 6 часов.",Runbook учитывает законные окна оператора: 24 часа на первичное уведомление Роскомнадзора и 72 часа на результаты расследования.,1,4,4,Требование учтено в архитектуре/декомпозиции; функциональная реализация не относится к Этапу 1.
AT-01,Приемочные сценарии,AT,,Пользователь tenant A запрашивает employee tenant B.,Доступ закрыт; событие зафиксировано; данные не раскрыты.,1,2-4,4,Критерий зафиксирован; реализация и прогон относятся к последующим этапам.
AT-02,Приемочные сценарии,AT,,"Охранник делает online check-in в окне, геозоне и с валидным QR.",Attendance VALID; смена IN_PROGRESS; dashboard обновлён.,1,2-4,4,Критерий зафиксирован; реализация и прогон относятся к последующим этапам.
AT-03,Приемочные сценарии,AT,,Тот же check-in отправлен повторно.,"Возвращён прежний результат, дубликата нет.",1,2-4,4,Критерий зафиксирован; реализация и прогон относятся к последующим этапам.
AT-04,Приемочные сценарии,AT,,Охранник делает check-in вне геозоны.,Понятная ошибка/REQUIRES_REVIEW; автоматического VALID нет.,1,2-4,4,Критерий зафиксирован; реализация и прогон относятся к последующим этапам.
AT-05,Приемочные сценарии,AT,,Офлайн check-in синхронизирован после восстановления связи.,Исходное время сохранено; server time добавлено; дубликатов нет.,1,2-4,4,Критерий зафиксирован; реализация и прогон относятся к последующим этапам.
AT-06,Приемочные сценарии,AT,,Начальник подтверждает аномальное событие.,Создан MANUAL_OVERRIDE с причиной; исходное событие неизменно.,1,2-4,4,Критерий зафиксирован; реализация и прогон относятся к последующим этапам.
AT-07,Приемочные сценарии,AT,,Смена не подтверждена к порогу no-show.,Одна активная тревога; ответственные уведомлены ≤ 60 сек.,1,2-4,4,Критерий зафиксирован; реализация и прогон относятся к последующим этапам.
AT-08,Приемочные сценарии,AT,,Документ пересёк порог EXPIRING.,Статус обновлён; одно уведомление на ступень; есть аудит.,1,2-4,4,Критерий зафиксирован; реализация и прогон относятся к последующим этапам.
AT-09,Приемочные сценарии,AT,,Договор содержит услугу вне лицензии.,Красное предупреждение; активация заблокирована или требует разрешённый override.,1,2-4,4,Критерий зафиксирован; реализация и прогон относятся к последующим этапам.
AT-10,Приемочные сценарии,AT,,QR точки отозван и просканирован.,"Скан отклонён/отправлен на review, старый токен не принят.",1,2-4,4,Критерий зафиксирован; реализация и прогон относятся к последующим этапам.
AT-11,Приемочные сценарии,AT,,Создан CRITICAL incident при слабой связи.,Минимальные данные отправлены/поставлены в очередь; статус виден; эскалация запущена.,1,2-4,4,Критерий зафиксирован; реализация и прогон относятся к последующим этапам.
AT-12,Приемочные сценарии,AT,,Внутренний комментарий к инциденту.,Не отображается заказчику и отсутствует в клиентском API/PDF.,1,2-4,4,Критерий зафиксирован; реализация и прогон относятся к последующим этапам.
AT-13,Приемочные сценарии,AT,,Отчёт опубликован и затем исправлен.,Создана новая версия; старая доступна в истории и неизменна.,1,2-4,4,Критерий зафиксирован; реализация и прогон относятся к последующим этапам.
AT-14,Приемочные сценарии,AT,,Уволенный охранник имеет активную сессию.,Сессия отозвана ≤ 60 сек.; новый запрос отклонён.,1,2-4,4,Критерий зафиксирован; реализация и прогон относятся к последующим этапам.
AT-15,Приемочные сценарии,AT,,Загружен заражённый или исполняемый файл.,Файл изолирован/отклонён и не доступен другим пользователям.,1,2-4,4,Критерий зафиксирован; реализация и прогон относятся к последующим этапам.
AT-16,Приемочные сценарии,AT,,Восстановление production-like backup.,"Достигнуты RPO/RTO, оформлен протокол проверки.",1,2-4,4,Критерий зафиксирован; реализация и прогон относятся к последующим этапам.
AT-17,Приемочные сценарии,AT,,Два менеджера одновременно меняют одно назначение.,Optimistic lock выявляет конфликт; бесшумной перезаписи нет.,1,2-4,4,Критерий зафиксирован; реализация и прогон относятся к последующим этапам.
AT-18,Приемочные сценарии,AT,,Сервис распознавания речи недоступен.,"Аудио сохранено, ошибка видна, ручной черновик и отправка человеком доступны.",1,2-4,4,Критерий зафиксирован; реализация и прогон относятся к последующим этапам.
AT-19,Приемочные сценарии,AT,,Compliance-задача требует уведомления до начала услуги.,Срок рассчитан по версионному правилу; MARKED_SENT без подтверждающих данных невозможен.,1,2-4,4,Критерий зафиксирован; реализация и прогон относятся к последующим этапам.
AT-20,Приемочные сценарии,AT,,Создана/сдана личная карточка охранника.,Реестр обновлён и создана задача на следующий рабочий день.,1,2-4,4,Критерий зафиксирован; реализация и прогон относятся к последующим этапам.
AT-21,Приемочные сценарии,AT,,В Telegram формируется уведомление о происшествии.,"Нет ПДн, координат, фото и описания; только минимальный текст и авторизованная ссылка.",1,2-4,4,Критерий зафиксирован; реализация и прогон относятся к последующим этапам.
AT-22,Приемочные сценарии,AT,,"В экспорт попадает значение, начинающееся с =, +, - или @.",Значение открывается как текст; формула не исполняется.,1,2-4,4,Критерий зафиксирован; реализация и прогон относятся к последующим этапам.
AT-23,Приемочные сценарии,AT,,Сотрудник оспаривает событие с плохой GPS-точностью.,"Сохранены исходное событие, объяснение и отдельное решение руководителя; автоматического взыскания нет.",1,2-4,4,Критерий зафиксирован; реализация и прогон относятся к последующим этапам.
AT-24,Приемочные сценарии,AT,,Пользователь tenant A запрашивает файл/отчёт tenant B по signed URL.,"Доступ отклонён, URL не раскрывает файл; событие зафиксировано в security log.",1,2-4,4,Критерий зафиксирован; реализация и прогон относятся к последующим этапам.
